use_case,use_case_phrase
Jet Lag,adjusting to new time zones and feel human again
Parenting,keeping up with kids without caffeine
Biohackers,optimizing cognitive performance without burnout
Parenting,keeping up with kids and feel human again
Work from Home,maintaining energy indoors like never before
Circadian Disruption,irregular sleep cycles without meds
Writers,early morning writing routines with light instead of pills
Early Mornings,waking up before sunrise and feel human again
Mood Boost,improving mood naturally without caffeine
Writers,early morning writing routines with light instead of pills
Night Shift,working night shifts with light instead of pills
Seasonal Depression,feeling down in winter like never before
Studying,staying alert while studying without burnout
Circadian Disruption,irregular sleep cycles safely
Low Energy,low daytime energy safely
Night Shift,working night shifts like never before
Biohackers,optimizing cognitive performance like never before
Freelancers,staying focused during flexible hours without meds
Parenting,keeping up with kids without meds
Studying,staying alert while studying without meds
Biohackers,optimizing cognitive performance without caffeine
Work from Home,maintaining energy indoors without caffeine
ADHD,focusing during the day like never before
Grogginess,morning grogginess safely
Writers,early morning writing routines like never before
Sleep Schedule Reset,resetting a sleep schedule and feel human again
Circadian Disruption,irregular sleep cycles like never before
Biohackers,optimizing cognitive performance safely
Biohackers,optimizing cognitive performance like never before
Parenting,keeping up with kids without burnout
Parenting,keeping up with kids to feel on top of things
Circadian Disruption,irregular sleep cycles to feel on top of things
Sleep Schedule Reset,resetting a sleep schedule safely
Low Energy,low daytime energy without burnout
Biohackers,optimizing cognitive performance without caffeine
Grogginess,morning grogginess naturally
Studying,staying alert while studying without burnout
Seasonal Depression,feeling down in winter with light instead of pills
Insomnia,trouble falling asleep
Early Mornings,waking up before sunrise and feel human again
Winter Mornings,dark winter mornings without meds
Grogginess,morning grogginess without caffeine
ADHD,focusing during the day
Grogginess,morning grogginess without burnout
Low Energy,low daytime energy
ADHD,focusing during the day
College Students,staying productive through long study sessions without meds
Focus and Clarity,increasing mental clarity like never before
Jet Lag,adjusting to new time zones safely
ADHD,focusing during the day
Parenting,keeping up with kids without caffeine
Focus and Clarity,increasing mental clarity naturally
Sleep Schedule Reset,resetting a sleep schedule without burnout
ADHD,focusing during the day without caffeine
Night Shift,working night shifts with light instead of pills
Insomnia,trouble falling asleep with light instead of pills
College Students,staying productive through long study sessions naturally
Focus and Clarity,increasing mental clarity without meds
Biohackers,optimizing cognitive performance without meds
Work from Home,maintaining energy indoors
Jet Lag,adjusting to new time zones without caffeine
Insomnia,trouble falling asleep without burnout
Writers,early morning writing routines with light instead of pills
Low Energy,low daytime energy without burnout
Work from Home,maintaining energy indoors without meds
Early Mornings,waking up before sunrise without burnout
Winter Mornings,dark winter mornings to feel on top of things
Sleep Schedule Reset,resetting a sleep schedule without meds
Studying,staying alert while studying naturally
Jet Lag,adjusting to new time zones without meds
ADHD,focusing during the day with light instead of pills
Winter Mornings,dark winter mornings naturally
Low Energy,low daytime energy and feel human again
Parenting,keeping up with kids
Focus and Clarity,increasing mental clarity like never before
Focus and Clarity,increasing mental clarity with light instead of pills
Night Shift,working night shifts without caffeine
Focus and Clarity,increasing mental clarity and feel human again
Jet Lag,adjusting to new time zones safely
Mood Boost,improving mood naturally with light instead of pills
Insomnia,trouble falling asleep like never before
Circadian Disruption,irregular sleep cycles without meds
College Students,staying productive through long study sessions without burnout
Focus and Clarity,increasing mental clarity without caffeine
Sleep Schedule Reset,resetting a sleep schedule without meds
Biohackers,optimizing cognitive performance
College Students,staying productive through long study sessions without caffeine
Freelancers,staying focused during flexible hours without caffeine
Night Shift,working night shifts and feel human again
College Students,staying productive through long study sessions
Winter Mornings,dark winter mornings without meds
Sleep Schedule Reset,resetting a sleep schedule like never before
Early Mornings,waking up before sunrise to feel on top of things
Work from Home,maintaining energy indoors without burnout
Parenting,keeping up with kids
Jet Lag,adjusting to new time zones to feel on top of things
Work from Home,maintaining energy indoors with light instead of pills
Early Mornings,waking up before sunrise
Grogginess,morning grogginess
Freelancers,staying focused during flexible hours like never before
Work from Home,maintaining energy indoors like never before
Parenting,keeping up with kids with light instead of pills
Writers,early morning writing routines to feel on top of things
Parenting,keeping up with kids safely
Insomnia,trouble falling asleep with light instead of pills
Studying,staying alert while studying like never before
Insomnia,trouble falling asleep and feel human again
Seasonal Depression,feeling down in winter without burnout
Jet Lag,adjusting to new time zones without burnout
Work from Home,maintaining energy indoors safely
Winter Mornings,dark winter mornings without burnout
Jet Lag,adjusting to new time zones without meds
Insomnia,trouble falling asleep
Jet Lag,adjusting to new time zones safely
Biohackers,optimizing cognitive performance to feel on top of things
Writers,early morning writing routines without meds
Grogginess,morning grogginess to feel on top of things
Jet Lag,adjusting to new time zones without caffeine
Sleep Schedule Reset,resetting a sleep schedule naturally
Jet Lag,adjusting to new time zones
Biohackers,optimizing cognitive performance without meds
Grogginess,morning grogginess with light instead of pills
Focus and Clarity,increasing mental clarity to feel on top of things
Seasonal Depression,feeling down in winter and feel human again
Seasonal Depression,feeling down in winter without meds
Seasonal Depression,feeling down in winter naturally
Mood Boost,improving mood naturally to feel on top of things
Low Energy,low daytime energy naturally
Early Mornings,waking up before sunrise like never before
Focus and Clarity,increasing mental clarity safely
College Students,staying productive through long study sessions and feel human again
College Students,staying productive through long study sessions and feel human again
ADHD,focusing during the day without meds
Sleep Schedule Reset,resetting a sleep schedule to feel on top of things
Jet Lag,adjusting to new time zones with light instead of pills
College Students,staying productive through long study sessions without caffeine
Biohackers,optimizing cognitive performance safely
Work from Home,maintaining energy indoors and feel human again
Early Mornings,waking up before sunrise naturally
Night Shift,working night shifts
Biohackers,optimizing cognitive performance naturally
College Students,staying productive through long study sessions like never before
College Students,staying productive through long study sessions safely
Grogginess,morning grogginess naturally
Writers,early morning writing routines without burnout
Sleep Schedule Reset,resetting a sleep schedule to feel on top of things
College Students,staying productive through long study sessions without burnout
Mood Boost,improving mood naturally like never before
Work from Home,maintaining energy indoors without meds
Sleep Schedule Reset,resetting a sleep schedule to feel on top of things
Jet Lag,adjusting to new time zones to feel on top of things
Jet Lag,adjusting to new time zones
Early Mornings,waking up before sunrise
Focus and Clarity,increasing mental clarity with light instead of pills
Studying,staying alert while studying without meds
Night Shift,working night shifts
Focus and Clarity,increasing mental clarity safely
Sleep Schedule Reset,resetting a sleep schedule to feel on top of things
Grogginess,morning grogginess without burnout
Night Shift,working night shifts and feel human again
Writers,early morning writing routines without meds
Insomnia,trouble falling asleep without meds
Writers,early morning writing routines naturally
Biohackers,optimizing cognitive performance without burnout
Night Shift,working night shifts
Jet Lag,adjusting to new time zones like never before
Focus and Clarity,increasing mental clarity like never before
Seasonal Depression,feeling down in winter without meds
Sleep Schedule Reset,resetting a sleep schedule like never before
Writers,early morning writing routines like never before
Circadian Disruption,irregular sleep cycles without burnout
Early Mornings,waking up before sunrise like never before
Low Energy,low daytime energy without burnout
Focus and Clarity,increasing mental clarity
College Students,staying productive through long study sessions without meds
Mood Boost,improving mood naturally
Low Energy,low daytime energy like never before
Writers,early morning writing routines and feel human again
Writers,early morning writing routines without caffeine
College Students,staying productive through long study sessions
Seasonal Depression,feeling down in winter safely
Early Mornings,waking up before sunrise with light instead of pills
Biohackers,optimizing cognitive performance with light instead of pills
Mood Boost,improving mood naturally to feel on top of things
Circadian Disruption,irregular sleep cycles and feel human again
Circadian Disruption,irregular sleep cycles without caffeine
Focus and Clarity,increasing mental clarity without caffeine
ADHD,focusing during the day without caffeine
Parenting,keeping up with kids without caffeine
Seasonal Depression,feeling down in winter without caffeine
Biohackers,optimizing cognitive performance and feel human again
Focus and Clarity,increasing mental clarity to feel on top of things
Parenting,keeping up with kids
Low Energy,low daytime energy safely
Studying,staying alert while studying to feel on top of things
Circadian Disruption,irregular sleep cycles naturally
Seasonal Depression,feeling down in winter like never before
Studying,staying alert while studying without caffeine
Seasonal Depression,feeling down in winter to feel on top of things
Early Mornings,waking up before sunrise and feel human again
Low Energy,low daytime energy without meds
Insomnia,trouble falling asleep safely
Low Energy,low daytime energy without meds
Jet Lag,adjusting to new time zones safely
Freelancers,staying focused during flexible hours without caffeine
Insomnia,trouble falling asleep and feel human again
Freelancers,staying focused during flexible hours without meds
Focus and Clarity,increasing mental clarity without burnout
Mood Boost,improving mood naturally safely
Grogginess,morning grogginess
Jet Lag,adjusting to new time zones and feel human again
Biohackers,optimizing cognitive performance without meds
Writers,early morning writing routines without caffeine
Mood Boost,improving mood naturally and feel human again
Studying,staying alert while studying like never before
ADHD,focusing during the day without burnout
Parenting,keeping up with kids safely
Seasonal Depression,feeling down in winter like never before
Work from Home,maintaining energy indoors safely
Seasonal Depression,feeling down in winter
Studying,staying alert while studying
Seasonal Depression,feeling down in winter without burnout
Grogginess,morning grogginess to feel on top of things
College Students,staying productive through long study sessions without burnout
College Students,staying productive through long study sessions like never before
Sleep Schedule Reset,resetting a sleep schedule without burnout
Work from Home,maintaining energy indoors to feel on top of things
Writers,early morning writing routines and feel human again
Sleep Schedule Reset,resetting a sleep schedule like never before
Grogginess,morning grogginess to feel on top of things
Grogginess,morning grogginess and feel human again
Night Shift,working night shifts and feel human again
College Students,staying productive through long study sessions
Sleep Schedule Reset,resetting a sleep schedule without burnout
Night Shift,working night shifts like never before
Biohackers,optimizing cognitive performance without meds
Night Shift,working night shifts without meds
Seasonal Depression,feeling down in winter with light instead of pills
College Students,staying productive through long study sessions without caffeine
Biohackers,optimizing cognitive performance and feel human again
Parenting,keeping up with kids
Early Mornings,waking up before sunrise to feel on top of things
Parenting,keeping up with kids safely
Biohackers,optimizing cognitive performance safely
Seasonal Depression,feeling down in winter without burnout
Seasonal Depression,feeling down in winter without caffeine
Seasonal Depression,feeling down in winter like never before
Parenting,keeping up with kids like never before
Grogginess,morning grogginess without meds
Early Mornings,waking up before sunrise naturally
Freelancers,staying focused during flexible hours to feel on top of things
Night Shift,working night shifts without caffeine
Studying,staying alert while studying like never before
Night Shift,working night shifts and feel human again
Studying,staying alert while studying without caffeine
Focus and Clarity,increasing mental clarity with light instead of pills
Low Energy,low daytime energy safely
College Students,staying productive through long study sessions
Focus and Clarity,increasing mental clarity without meds
Mood Boost,improving mood naturally safely
Early Mornings,waking up before sunrise to feel on top of things
ADHD,focusing during the day naturally
Writers,early morning writing routines without caffeine
Work from Home,maintaining energy indoors without caffeine
Biohackers,optimizing cognitive performance with light instead of pills
Parenting,keeping up with kids safely
Freelancers,staying focused during flexible hours with light instead of pills
Insomnia,trouble falling asleep
Jet Lag,adjusting to new time zones like never before
Winter Mornings,dark winter mornings like never before
Focus and Clarity,increasing mental clarity to feel on top of things
Writers,early morning writing routines naturally
Winter Mornings,dark winter mornings without caffeine
Seasonal Depression,feeling down in winter without burnout
College Students,staying productive through long study sessions and feel human again
Winter Mornings,dark winter mornings without meds
Parenting,keeping up with kids naturally
Circadian Disruption,irregular sleep cycles to feel on top of things
Circadian Disruption,irregular sleep cycles without burnout
Early Mornings,waking up before sunrise naturally
Writers,early morning writing routines without burnout
Circadian Disruption,irregular sleep cycles
Freelancers,staying focused during flexible hours without meds
Seasonal Depression,feeling down in winter with light instead of pills
Writers,early morning writing routines with light instead of pills
Parenting,keeping up with kids to feel on top of things
Seasonal Depression,feeling down in winter like never before
Winter Mornings,dark winter mornings like never before
Circadian Disruption,irregular sleep cycles
ADHD,focusing during the day like never before
Jet Lag,adjusting to new time zones and feel human again
Freelancers,staying focused during flexible hours with light instead of pills
Early Mornings,waking up before sunrise without meds
Grogginess,morning grogginess without caffeine
Circadian Disruption,irregular sleep cycles like never before
Winter Mornings,dark winter mornings naturally
Low Energy,low daytime energy without burnout
College Students,staying productive through long study sessions and feel human again
Insomnia,trouble falling asleep without burnout
Circadian Disruption,irregular sleep cycles
Grogginess,morning grogginess to feel on top of things
Biohackers,optimizing cognitive performance with light instead of pills
Writers,early morning writing routines without caffeine
Low Energy,low daytime energy
Biohackers,optimizing cognitive performance like never before
ADHD,focusing during the day to feel on top of things
Freelancers,staying focused during flexible hours and feel human again
Jet Lag,adjusting to new time zones naturally
Studying,staying alert while studying and feel human again
Seasonal Depression,feeling down in winter without caffeine
Early Mornings,waking up before sunrise and feel human again
Insomnia,trouble falling asleep without meds
Circadian Disruption,irregular sleep cycles without burnout
Grogginess,morning grogginess safely
Freelancers,staying focused during flexible hours like never before
Circadian Disruption,irregular sleep cycles without caffeine
Parenting,keeping up with kids without meds
Insomnia,trouble falling asleep without burnout
Low Energy,low daytime energy like never before
Seasonal Depression,feeling down in winter
Insomnia,trouble falling asleep without burnout
Freelancers,staying focused during flexible hours like never before
Winter Mornings,dark winter mornings to feel on top of things
Early Mornings,waking up before sunrise and feel human again
Biohackers,optimizing cognitive performance like never before
Seasonal Depression,feeling down in winter without meds
Mood Boost,improving mood naturally like never before
Focus and Clarity,increasing mental clarity safely
ADHD,focusing during the day like never before
Studying,staying alert while studying safely
College Students,staying productive through long study sessions without burnout
Insomnia,trouble falling asleep and feel human again
Mood Boost,improving mood naturally without burnout
Night Shift,working night shifts without meds
Focus and Clarity,increasing mental clarity
Parenting,keeping up with kids to feel on top of things
Parenting,keeping up with kids without burnout
ADHD,focusing during the day like never before
ADHD,focusing during the day without burnout
Jet Lag,adjusting to new time zones to feel on top of things
Freelancers,staying focused during flexible hours without meds
Circadian Disruption,irregular sleep cycles safely
Biohackers,optimizing cognitive performance safely
Biohackers,optimizing cognitive performance
Focus and Clarity,increasing mental clarity with light instead of pills
Night Shift,working night shifts with light instead of pills
Low Energy,low daytime energy to feel on top of things
Circadian Disruption,irregular sleep cycles without meds
ADHD,focusing during the day without meds
Focus and Clarity,increasing mental clarity naturally
Circadian Disruption,irregular sleep cycles without caffeine
Night Shift,working night shifts to feel on top of things
College Students,staying productive through long study sessions with light instead of pills
Winter Mornings,dark winter mornings
Early Mornings,waking up before sunrise and feel human again
Writers,early morning writing routines without caffeine
Freelancers,staying focused during flexible hours like never before
Jet Lag,adjusting to new time zones without meds
Circadian Disruption,irregular sleep cycles naturally
Biohackers,optimizing cognitive performance to feel on top of things
Early Mornings,waking up before sunrise safely
Winter Mornings,dark winter mornings naturally
ADHD,focusing during the day safely
Mood Boost,improving mood naturally like never before
Biohackers,optimizing cognitive performance like never before
Low Energy,low daytime energy without meds
Work from Home,maintaining energy indoors safely
Insomnia,trouble falling asleep safely
Jet Lag,adjusting to new time zones to feel on top of things
Work from Home,maintaining energy indoors to feel on top of things
Biohackers,optimizing cognitive performance without caffeine
Focus and Clarity,increasing mental clarity naturally
Winter Mornings,dark winter mornings safely
Winter Mornings,dark winter mornings without caffeine
Circadian Disruption,irregular sleep cycles without caffeine
Winter Mornings,dark winter mornings safely
Focus and Clarity,increasing mental clarity and feel human again
Writers,early morning writing routines without caffeine
Early Mornings,waking up before sunrise without caffeine
Sleep Schedule Reset,resetting a sleep schedule with light instead of pills
Night Shift,working night shifts to feel on top of things
Early Mornings,waking up before sunrise without burnout
Studying,staying alert while studying naturally
Freelancers,staying focused during flexible hours and feel human again
Seasonal Depression,feeling down in winter with light instead of pills
Early Mornings,waking up before sunrise naturally
Early Mornings,waking up before sunrise like never before
Insomnia,trouble falling asleep naturally
Biohackers,optimizing cognitive performance
College Students,staying productive through long study sessions without burnout
Freelancers,staying focused during flexible hours naturally
Jet Lag,adjusting to new time zones like never before
Circadian Disruption,irregular sleep cycles to feel on top of things
Focus and Clarity,increasing mental clarity without burnout
Focus and Clarity,increasing mental clarity and feel human again
Writers,early morning writing routines without burnout
College Students,staying productive through long study sessions like never before
Grogginess,morning grogginess without meds
Low Energy,low daytime energy safely
Mood Boost,improving mood naturally naturally
ADHD,focusing during the day with light instead of pills
ADHD,focusing during the day to feel on top of things
Jet Lag,adjusting to new time zones to feel on top of things
Focus and Clarity,increasing mental clarity like never before
Freelancers,staying focused during flexible hours without burnout
Insomnia,trouble falling asleep safely
Insomnia,trouble falling asleep without meds
Night Shift,working night shifts with light instead of pills
Winter Mornings,dark winter mornings like never before
Freelancers,staying focused during flexible hours like never before
Insomnia,trouble falling asleep naturally
Work from Home,maintaining energy indoors without meds
Biohackers,optimizing cognitive performance
College Students,staying productive through long study sessions like never before
Work from Home,maintaining energy indoors without caffeine
Jet Lag,adjusting to new time zones without meds
Circadian Disruption,irregular sleep cycles
Night Shift,working night shifts without burnout
Writers,early morning writing routines without burnout
Early Mornings,waking up before sunrise to feel on top of things
Night Shift,working night shifts
Work from Home,maintaining energy indoors to feel on top of things
Insomnia,trouble falling asleep with light instead of pills
Mood Boost,improving mood naturally safely
Circadian Disruption,irregular sleep cycles to feel on top of things
Writers,early morning writing routines with light instead of pills
Circadian Disruption,irregular sleep cycles naturally
Seasonal Depression,feeling down in winter without meds
Work from Home,maintaining energy indoors safely
Focus and Clarity,increasing mental clarity
Grogginess,morning grogginess to feel on top of things
Studying,staying alert while studying with light instead of pills
Mood Boost,improving mood naturally without burnout
Night Shift,working night shifts without caffeine
Sleep Schedule Reset,resetting a sleep schedule with light instead of pills
Biohackers,optimizing cognitive performance like never before
Night Shift,working night shifts to feel on top of things
Early Mornings,waking up before sunrise with light instead of pills
Insomnia,trouble falling asleep without caffeine
Writers,early morning writing routines to feel on top of things
College Students,staying productive through long study sessions without meds
Early Mornings,waking up before sunrise
Jet Lag,adjusting to new time zones with light instead of pills
Circadian Disruption,irregular sleep cycles without meds
Night Shift,working night shifts with light instead of pills
Low Energy,low daytime energy
Low Energy,low daytime energy like never before
Focus and Clarity,increasing mental clarity without burnout
ADHD,focusing during the day without meds
Sleep Schedule Reset,resetting a sleep schedule to feel on top of things
Jet Lag,adjusting to new time zones to feel on top of things
Biohackers,optimizing cognitive performance like never before
ADHD,focusing during the day naturally
Grogginess,morning grogginess without burnout
Writers,early morning writing routines with light instead of pills
Insomnia,trouble falling asleep and feel human again
Circadian Disruption,irregular sleep cycles with light instead of pills
Night Shift,working night shifts safely
ADHD,focusing during the day safely
ADHD,focusing during the day with light instead of pills
Jet Lag,adjusting to new time zones without meds
Grogginess,morning grogginess
Studying,staying alert while studying naturally
Work from Home,maintaining energy indoors without caffeine
Low Energy,low daytime energy to feel on top of things
Biohackers,optimizing cognitive performance with light instead of pills
Studying,staying alert while studying naturally
Grogginess,morning grogginess to feel on top of things
Seasonal Depression,feeling down in winter
Grogginess,morning grogginess without meds
Winter Mornings,dark winter mornings and feel human again
Low Energy,low daytime energy with light instead of pills
Jet Lag,adjusting to new time zones with light instead of pills
Early Mornings,waking up before sunrise and feel human again
Parenting,keeping up with kids with light instead of pills
Winter Mornings,dark winter mornings without meds
Night Shift,working night shifts
College Students,staying productive through long study sessions with light instead of pills
Mood Boost,improving mood naturally without meds
Seasonal Depression,feeling down in winter and feel human again
Freelancers,staying focused during flexible hours
Biohackers,optimizing cognitive performance without caffeine
Night Shift,working night shifts to feel on top of things
Circadian Disruption,irregular sleep cycles to feel on top of things
Winter Mornings,dark winter mornings safely
Parenting,keeping up with kids and feel human again
Jet Lag,adjusting to new time zones to feel on top of things
Seasonal Depression,feeling down in winter
Studying,staying alert while studying with light instead of pills
Night Shift,working night shifts without burnout
Grogginess,morning grogginess without burnout
Mood Boost,improving mood naturally without caffeine
Seasonal Depression,feeling down in winter with light instead of pills
Freelancers,staying focused during flexible hours
Freelancers,staying focused during flexible hours to feel on top of things
Focus and Clarity,increasing mental clarity and feel human again
Winter Mornings,dark winter mornings without meds
Circadian Disruption,irregular sleep cycles without meds
Writers,early morning writing routines like never before
College Students,staying productive through long study sessions
Writers,early morning writing routines without meds
Focus and Clarity,increasing mental clarity with light instead of pills
Early Mornings,waking up before sunrise like never before
College Students,staying productive through long study sessions safely
Early Mornings,waking up before sunrise and feel human again
Sleep Schedule Reset,resetting a sleep schedule with light instead of pills
Parenting,keeping up with kids and feel human again
Night Shift,working night shifts naturally
Seasonal Depression,feeling down in winter naturally
ADHD,focusing during the day
Freelancers,staying focused during flexible hours like never before
Mood Boost,improving mood naturally without burnout
Work from Home,maintaining energy indoors without burnout
Low Energy,low daytime energy without meds
Parenting,keeping up with kids without meds
Sleep Schedule Reset,resetting a sleep schedule without burnout
Sleep Schedule Reset,resetting a sleep schedule without caffeine
Focus and Clarity,increasing mental clarity with light instead of pills
College Students,staying productive through long study sessions without caffeine
Sleep Schedule Reset,resetting a sleep schedule to feel on top of things
Night Shift,working night shifts without meds
Work from Home,maintaining energy indoors like never before
Biohackers,optimizing cognitive performance to feel on top of things
Night Shift,working night shifts naturally
Circadian Disruption,irregular sleep cycles
Focus and Clarity,increasing mental clarity to feel on top of things
Studying,staying alert while studying without meds
Night Shift,working night shifts
Mood Boost,improving mood naturally without caffeine
Insomnia,trouble falling asleep with light instead of pills
Biohackers,optimizing cognitive performance safely
Circadian Disruption,irregular sleep cycles without meds
Insomnia,trouble falling asleep
Work from Home,maintaining energy indoors without meds
Early Mornings,waking up before sunrise safely
Focus and Clarity,increasing mental clarity without meds
Night Shift,working night shifts to feel on top of things
Jet Lag,adjusting to new time zones to feel on top of things
Focus and Clarity,increasing mental clarity with light instead of pills
Night Shift,working night shifts to feel on top of things
Jet Lag,adjusting to new time zones to feel on top of things
Jet Lag,adjusting to new time zones without burnout
Biohackers,optimizing cognitive performance
Parenting,keeping up with kids
Work from Home,maintaining energy indoors
Sleep Schedule Reset,resetting a sleep schedule without meds
Winter Mornings,dark winter mornings without caffeine
Freelancers,staying focused during flexible hours
Parenting,keeping up with kids like never before
Focus and Clarity,increasing mental clarity like never before
Writers,early morning writing routines naturally
College Students,staying productive through long study sessions to feel on top of things
Freelancers,staying focused during flexible hours without burnout
Work from Home,maintaining energy indoors
Seasonal Depression,feeling down in winter without caffeine
Studying,staying alert while studying without caffeine
Night Shift,working night shifts with light instead of pills
Mood Boost,improving mood naturally to feel on top of things
Circadian Disruption,irregular sleep cycles without meds
Studying,staying alert while studying and feel human again
Sleep Schedule Reset,resetting a sleep schedule without burnout
Insomnia,trouble falling asleep without meds
Mood Boost,improving mood naturally to feel on top of things
Night Shift,working night shifts naturally
Grogginess,morning grogginess to feel on top of things
Studying,staying alert while studying without meds
Mood Boost,improving mood naturally without burnout
Early Mornings,waking up before sunrise without meds
Winter Mornings,dark winter mornings safely
Jet Lag,adjusting to new time zones without meds
Biohackers,optimizing cognitive performance without burnout
Work from Home,maintaining energy indoors with light instead of pills
Sleep Schedule Reset,resetting a sleep schedule
Sleep Schedule Reset,resetting a sleep schedule without meds
Night Shift,working night shifts without burnout
Winter Mornings,dark winter mornings with light instead of pills
ADHD,focusing during the day like never before
Low Energy,low daytime energy without caffeine
Parenting,keeping up with kids with light instead of pills
Early Mornings,waking up before sunrise without meds
Circadian Disruption,irregular sleep cycles naturally
Insomnia,trouble falling asleep with light instead of pills
Night Shift,working night shifts like never before
Low Energy,low daytime energy to feel on top of things
Focus and Clarity,increasing mental clarity
Low Energy,low daytime energy without meds
Mood Boost,improving mood naturally to feel on top of things
Freelancers,staying focused during flexible hours without burnout
Freelancers,staying focused during flexible hours
Freelancers,staying focused during flexible hours and feel human again
Jet Lag,adjusting to new time zones safely
ADHD,focusing during the day safely
Winter Mornings,dark winter mornings without burnout
Night Shift,working night shifts like never before
Seasonal Depression,feeling down in winter
ADHD,focusing during the day without meds
ADHD,focusing during the day
Jet Lag,adjusting to new time zones without caffeine
Writers,early morning writing routines without burnout
Jet Lag,adjusting to new time zones without caffeine
Insomnia,trouble falling asleep and feel human again
Work from Home,maintaining energy indoors and feel human again
Seasonal Depression,feeling down in winter to feel on top of things
Jet Lag,adjusting to new time zones without meds
Work from Home,maintaining energy indoors without caffeine
Biohackers,optimizing cognitive performance to feel on top of things
Mood Boost,improving mood naturally and feel human again
Parenting,keeping up with kids with light instead of pills
College Students,staying productive through long study sessions without burnout
Parenting,keeping up with kids
Parenting,keeping up with kids with light instead of pills
Biohackers,optimizing cognitive performance without meds
Focus and Clarity,increasing mental clarity without caffeine
Night Shift,working night shifts naturally
Winter Mornings,dark winter mornings
Jet Lag,adjusting to new time zones naturally
Low Energy,low daytime energy without meds
Seasonal Depression,feeling down in winter without caffeine
Low Energy,low daytime energy and feel human again
Sleep Schedule Reset,resetting a sleep schedule without burnout
Low Energy,low daytime energy without meds
Night Shift,working night shifts and feel human again
Low Energy,low daytime energy naturally
Studying,staying alert while studying to feel on top of things
Studying,staying alert while studying without meds
Jet Lag,adjusting to new time zones to feel on top of things
Work from Home,maintaining energy indoors and feel human again
Grogginess,morning grogginess and feel human again
Mood Boost,improving mood naturally without caffeine
Jet Lag,adjusting to new time zones
Mood Boost,improving mood naturally without meds
Parenting,keeping up with kids without meds
Writers,early morning writing routines and feel human again
Insomnia,trouble falling asleep without meds
Work from Home,maintaining energy indoors
Low Energy,low daytime energy to feel on top of things
Seasonal Depression,feeling down in winter without meds
Early Mornings,waking up before sunrise without meds
Work from Home,maintaining energy indoors to feel on top of things
Winter Mornings,dark winter mornings to feel on top of things
College Students,staying productive through long study sessions to feel on top of things
Sleep Schedule Reset,resetting a sleep schedule without burnout
Freelancers,staying focused during flexible hours without caffeine
Winter Mornings,dark winter mornings to feel on top of things
Early Mornings,waking up before sunrise like never before
Grogginess,morning grogginess safely
Focus and Clarity,increasing mental clarity safely
Freelancers,staying focused during flexible hours with light instead of pills
Jet Lag,adjusting to new time zones with light instead of pills
Winter Mornings,dark winter mornings without burnout
Studying,staying alert while studying and feel human again
Studying,staying alert while studying without meds
Mood Boost,improving mood naturally safely
Seasonal Depression,feeling down in winter without burnout
Insomnia,trouble falling asleep with light instead of pills
Circadian Disruption,irregular sleep cycles with light instead of pills
Low Energy,low daytime energy without meds
Grogginess,morning grogginess without caffeine
Mood Boost,improving mood naturally and feel human again
ADHD,focusing during the day without burnout
Biohackers,optimizing cognitive performance
Low Energy,low daytime energy without burnout
Night Shift,working night shifts like never before
Winter Mornings,dark winter mornings without caffeine
Work from Home,maintaining energy indoors to feel on top of things
Circadian Disruption,irregular sleep cycles with light instead of pills
Mood Boost,improving mood naturally without burnout
Seasonal Depression,feeling down in winter and feel human again
Freelancers,staying focused during flexible hours naturally
Sleep Schedule Reset,resetting a sleep schedule to feel on top of things
Circadian Disruption,irregular sleep cycles to feel on top of things
Writers,early morning writing routines safely
Biohackers,optimizing cognitive performance without caffeine
Studying,staying alert while studying to feel on top of things
Focus and Clarity,increasing mental clarity without caffeine
Parenting,keeping up with kids naturally
Low Energy,low daytime energy without meds
Insomnia,trouble falling asleep safely
Parenting,keeping up with kids and feel human again
Night Shift,working night shifts like never before
Studying,staying alert while studying naturally
College Students,staying productive through long study sessions like never before
Work from Home,maintaining energy indoors with light instead of pills
Jet Lag,adjusting to new time zones without meds
Biohackers,optimizing cognitive performance like never before
Jet Lag,adjusting to new time zones without caffeine
Grogginess,morning grogginess without caffeine
Seasonal Depression,feeling down in winter naturally
Insomnia,trouble falling asleep without meds
Sleep Schedule Reset,resetting a sleep schedule without meds
Jet Lag,adjusting to new time zones without burnout
Seasonal Depression,feeling down in winter like never before
Night Shift,working night shifts safely
Mood Boost,improving mood naturally like never before
Early Mornings,waking up before sunrise to feel on top of things
Parenting,keeping up with kids safely
Writers,early morning writing routines without burnout
Circadian Disruption,irregular sleep cycles
Mood Boost,improving mood naturally like never before
Biohackers,optimizing cognitive performance to feel on top of things
Seasonal Depression,feeling down in winter without caffeine
Winter Mornings,dark winter mornings naturally
College Students,staying productive through long study sessions safely
Grogginess,morning grogginess like never before
Writers,early morning writing routines like never before
Low Energy,low daytime energy without burnout
Biohackers,optimizing cognitive performance safely
Focus and Clarity,increasing mental clarity without caffeine
Seasonal Depression,feeling down in winter with light instead of pills
Early Mornings,waking up before sunrise to feel on top of things
Night Shift,working night shifts without burnout
Night Shift,working night shifts like never before
Jet Lag,adjusting to new time zones without meds
Biohackers,optimizing cognitive performance without burnout
Focus and Clarity,increasing mental clarity without meds
Sleep Schedule Reset,resetting a sleep schedule with light instead of pills
Early Mornings,waking up before sunrise naturally
Seasonal Depression,feeling down in winter like never before
Seasonal Depression,feeling down in winter naturally
Mood Boost,improving mood naturally
Freelancers,staying focused during flexible hours to feel on top of things
Studying,staying alert while studying to feel on top of things
Early Mornings,waking up before sunrise
Biohackers,optimizing cognitive performance without burnout
Insomnia,trouble falling asleep to feel on top of things
Mood Boost,improving mood naturally without caffeine
Focus and Clarity,increasing mental clarity to feel on top of things
Low Energy,low daytime energy and feel human again
Insomnia,trouble falling asleep with light instead of pills
Jet Lag,adjusting to new time zones without meds
Night Shift,working night shifts with light instead of pills
Writers,early morning writing routines and feel human again
ADHD,focusing during the day and feel human again
Mood Boost,improving mood naturally
Winter Mornings,dark winter mornings
Jet Lag,adjusting to new time zones naturally
Writers,early morning writing routines without caffeine
Early Mornings,waking up before sunrise naturally
Writers,early morning writing routines naturally
Grogginess,morning grogginess like never before
College Students,staying productive through long study sessions without burnout
Night Shift,working night shifts
Parenting,keeping up with kids with light instead of pills
Writers,early morning writing routines safely
Early Mornings,waking up before sunrise without caffeine
Biohackers,optimizing cognitive performance and feel human again
Work from Home,maintaining energy indoors and feel human again
College Students,staying productive through long study sessions with light instead of pills
ADHD,focusing during the day without caffeine
Grogginess,morning grogginess without burnout
Insomnia,trouble falling asleep without caffeine
Early Mornings,waking up before sunrise without meds
Seasonal Depression,feeling down in winter and feel human again
Seasonal Depression,feeling down in winter without caffeine
Parenting,keeping up with kids without meds
Seasonal Depression,feeling down in winter to feel on top of things
Biohackers,optimizing cognitive performance and feel human again
Night Shift,working night shifts without caffeine
Early Mornings,waking up before sunrise without caffeine
Grogginess,morning grogginess
Insomnia,trouble falling asleep without burnout
Studying,staying alert while studying without caffeine
Jet Lag,adjusting to new time zones without burnout
Parenting,keeping up with kids without burnout
Studying,staying alert while studying and feel human again
Circadian Disruption,irregular sleep cycles
Work from Home,maintaining energy indoors to feel on top of things
Focus and Clarity,increasing mental clarity to feel on top of things
Focus and Clarity,increasing mental clarity without burnout
Parenting,keeping up with kids to feel on top of things
Studying,staying alert while studying naturally
Night Shift,working night shifts without meds
Jet Lag,adjusting to new time zones without caffeine
Sleep Schedule Reset,resetting a sleep schedule and feel human again
Studying,staying alert while studying without meds
Focus and Clarity,increasing mental clarity without meds
Freelancers,staying focused during flexible hours safely
Grogginess,morning grogginess
Parenting,keeping up with kids without caffeine
Insomnia,trouble falling asleep without burnout
Focus and Clarity,increasing mental clarity without burnout
Freelancers,staying focused during flexible hours without meds
Writers,early morning writing routines like never before
Winter Mornings,dark winter mornings without meds
Low Energy,low daytime energy without caffeine
College Students,staying productive through long study sessions safely
Parenting,keeping up with kids
Studying,staying alert while studying with light instead of pills
Studying,staying alert while studying without meds
Insomnia,trouble falling asleep without burnout
Writers,early morning writing routines to feel on top of things
Freelancers,staying focused during flexible hours like never before
Winter Mornings,dark winter mornings and feel human again
Focus and Clarity,increasing mental clarity without meds
Mood Boost,improving mood naturally without meds
Biohackers,optimizing cognitive performance safely
Writers,early morning writing routines with light instead of pills
Jet Lag,adjusting to new time zones safely
College Students,staying productive through long study sessions
Work from Home,maintaining energy indoors with light instead of pills
Winter Mornings,dark winter mornings to feel on top of things
Jet Lag,adjusting to new time zones safely
Writers,early morning writing routines without burnout
ADHD,focusing during the day without meds
Jet Lag,adjusting to new time zones and feel human again
Circadian Disruption,irregular sleep cycles safely
Grogginess,morning grogginess naturally
Writers,early morning writing routines safely
Sleep Schedule Reset,resetting a sleep schedule
Parenting,keeping up with kids
Early Mornings,waking up before sunrise to feel on top of things
Biohackers,optimizing cognitive performance safely
Insomnia,trouble falling asleep without caffeine
Focus and Clarity,increasing mental clarity without caffeine
Focus and Clarity,increasing mental clarity
Grogginess,morning grogginess naturally
Biohackers,optimizing cognitive performance without caffeine
Circadian Disruption,irregular sleep cycles safely
ADHD,focusing during the day without meds
Studying,staying alert while studying naturally
Biohackers,optimizing cognitive performance like never before
Mood Boost,improving mood naturally safely
Biohackers,optimizing cognitive performance without caffeine
College Students,staying productive through long study sessions with light instead of pills
Winter Mornings,dark winter mornings without meds
Sleep Schedule Reset,resetting a sleep schedule without burnout
Writers,early morning writing routines to feel on top of things
Freelancers,staying focused during flexible hours without caffeine
Low Energy,low daytime energy with light instead of pills
Mood Boost,improving mood naturally without meds
Grogginess,morning grogginess to feel on top of things
Jet Lag,adjusting to new time zones
Biohackers,optimizing cognitive performance without caffeine
Low Energy,low daytime energy and feel human again
College Students,staying productive through long study sessions without caffeine
Writers,early morning writing routines with light instead of pills
Seasonal Depression,feeling down in winter and feel human again
Jet Lag,adjusting to new time zones without meds
ADHD,focusing during the day without meds
Work from Home,maintaining energy indoors
ADHD,focusing during the day and feel human again
Sleep Schedule Reset,resetting a sleep schedule with light instead of pills
Low Energy,low daytime energy with light instead of pills
Studying,staying alert while studying and feel human again
Jet Lag,adjusting to new time zones naturally
Early Mornings,waking up before sunrise naturally
Focus and Clarity,increasing mental clarity
Grogginess,morning grogginess safely
Work from Home,maintaining energy indoors with light instead of pills
Insomnia,trouble falling asleep with light instead of pills
Focus and Clarity,increasing mental clarity with light instead of pills
Night Shift,working night shifts
Work from Home,maintaining energy indoors
Writers,early morning writing routines like never before
Parenting,keeping up with kids without meds
Sleep Schedule Reset,resetting a sleep schedule
Grogginess,morning grogginess with light instead of pills
Winter Mornings,dark winter mornings without caffeine
Focus and Clarity,increasing mental clarity like never before
Focus and Clarity,increasing mental clarity with light instead of pills
Grogginess,morning grogginess
Grogginess,morning grogginess without burnout
Night Shift,working night shifts to feel on top of things
Writers,early morning writing routines without meds
Studying,staying alert while studying like never before
Mood Boost,improving mood naturally naturally
Early Mornings,waking up before sunrise like never before
Studying,staying alert while studying to feel on top of things
Freelancers,staying focused during flexible hours and feel human again
Sleep Schedule Reset,resetting a sleep schedule without burnout
Focus and Clarity,increasing mental clarity without burnout
Night Shift,working night shifts like never before
Writers,early morning writing routines to feel on top of things
Night Shift,working night shifts without caffeine
Studying,staying alert while studying like never before
Mood Boost,improving mood naturally without meds
Sleep Schedule Reset,resetting a sleep schedule without burnout
Low Energy,low daytime energy without meds
Freelancers,staying focused during flexible hours
Insomnia,trouble falling asleep like never before
Biohackers,optimizing cognitive performance to feel on top of things
Jet Lag,adjusting to new time zones without caffeine
ADHD,focusing during the day without burnout
Circadian Disruption,irregular sleep cycles without burnout
Sleep Schedule Reset,resetting a sleep schedule with light instead of pills
Parenting,keeping up with kids without burnout
Winter Mornings,dark winter mornings and feel human again
Insomnia,trouble falling asleep without caffeine
Circadian Disruption,irregular sleep cycles naturally
Freelancers,staying focused during flexible hours with light instead of pills
Writers,early morning writing routines to feel on top of things
Focus and Clarity,increasing mental clarity with light instead of pills
Grogginess,morning grogginess
Low Energy,low daytime energy like never before
Studying,staying alert while studying without burnout
Grogginess,morning grogginess naturally
Jet Lag,adjusting to new time zones like never before
ADHD,focusing during the day without meds
Work from Home,maintaining energy indoors without burnout
Jet Lag,adjusting to new time zones naturally
College Students,staying productive through long study sessions
Work from Home,maintaining energy indoors naturally
Early Mornings,waking up before sunrise
Low Energy,low daytime energy safely
Studying,staying alert while studying like never before
College Students,staying productive through long study sessions with light instead of pills
Biohackers,optimizing cognitive performance naturally
Insomnia,trouble falling asleep and feel human again
Winter Mornings,dark winter mornings without meds
Sleep Schedule Reset,resetting a sleep schedule naturally
Low Energy,low daytime energy with light instead of pills
Jet Lag,adjusting to new time zones
College Students,staying productive through long study sessions without meds
Focus and Clarity,increasing mental clarity
ADHD,focusing during the day without caffeine
Studying,staying alert while studying to feel on top of things
Writers,early morning writing routines without caffeine
Studying,staying alert while studying safely
Mood Boost,improving mood naturally without meds
Early Mornings,waking up before sunrise without burnout
Sleep Schedule Reset,resetting a sleep schedule and feel human again
Focus and Clarity,increasing mental clarity like never before
Early Mornings,waking up before sunrise without caffeine
Seasonal Depression,feeling down in winter without burnout
Early Mornings,waking up before sunrise like never before
Early Mornings,waking up before sunrise safely
Winter Mornings,dark winter mornings to feel on top of things
Mood Boost,improving mood naturally
Focus and Clarity,increasing mental clarity with light instead of pills
Seasonal Depression,feeling down in winter without meds
Circadian Disruption,irregular sleep cycles
Mood Boost,improving mood naturally
Seasonal Depression,feeling down in winter naturally
Winter Mornings,dark winter mornings without caffeine
College Students,staying productive through long study sessions
Mood Boost,improving mood naturally and feel human again
Mood Boost,improving mood naturally without caffeine
Biohackers,optimizing cognitive performance like never before
Mood Boost,improving mood naturally with light instead of pills
Winter Mornings,dark winter mornings
Early Mornings,waking up before sunrise with light instead of pills
Low Energy,low daytime energy naturally
ADHD,focusing during the day without meds
Low Energy,low daytime energy safely
Writers,early morning writing routines without meds
Low Energy,low daytime energy to feel on top of things
Night Shift,working night shifts
Focus and Clarity,increasing mental clarity like never before
Freelancers,staying focused during flexible hours without meds
Biohackers,optimizing cognitive performance to feel on top of things
Winter Mornings,dark winter mornings without meds
Circadian Disruption,irregular sleep cycles without burnout
Focus and Clarity,increasing mental clarity safely
Early Mornings,waking up before sunrise with light instead of pills
Seasonal Depression,feeling down in winter to feel on top of things
Winter Mornings,dark winter mornings naturally
Parenting,keeping up with kids without burnout
Insomnia,trouble falling asleep without caffeine
ADHD,focusing during the day like never before
Winter Mornings,dark winter mornings naturally
Focus and Clarity,increasing mental clarity and feel human again
Focus and Clarity,increasing mental clarity and feel human again
Jet Lag,adjusting to new time zones with light instead of pills
Sleep Schedule Reset,resetting a sleep schedule naturally
Circadian Disruption,irregular sleep cycles like never before
Sleep Schedule Reset,resetting a sleep schedule with light instead of pills
Seasonal Depression,feeling down in winter with light instead of pills
Insomnia,trouble falling asleep safely
College Students,staying productive through long study sessions without meds
Night Shift,working night shifts to feel on top of things
Jet Lag,adjusting to new time zones
College Students,staying productive through long study sessions naturally
Circadian Disruption,irregular sleep cycles to feel on top of things
Winter Mornings,dark winter mornings without caffeine
College Students,staying productive through long study sessions without meds
Early Mornings,waking up before sunrise without caffeine
Jet Lag,adjusting to new time zones without meds
Seasonal Depression,feeling down in winter
Sleep Schedule Reset,resetting a sleep schedule without meds
Jet Lag,adjusting to new time zones like never before
Grogginess,morning grogginess without meds
Early Mornings,waking up before sunrise without caffeine
Seasonal Depression,feeling down in winter naturally
ADHD,focusing during the day without burnout
Focus and Clarity,increasing mental clarity
Jet Lag,adjusting to new time zones without caffeine
Freelancers,staying focused during flexible hours like never before
Winter Mornings,dark winter mornings without meds
Low Energy,low daytime energy like never before
Seasonal Depression,feeling down in winter to feel on top of things
Biohackers,optimizing cognitive performance without meds
Studying,staying alert while studying without caffeine
Jet Lag,adjusting to new time zones to feel on top of things
Mood Boost,improving mood naturally with light instead of pills
ADHD,focusing during the day without meds
Freelancers,staying focused during flexible hours like never before
Circadian Disruption,irregular sleep cycles without meds
Night Shift,working night shifts naturally
Mood Boost,improving mood naturally and feel human again
Seasonal Depression,feeling down in winter
