page_title,meta_description,use_case,use_case_phrase,influencer_name,influencer_context,current_year
"Why Bryan Johnson Uses a Bright Light Therapy Lamp Every Morning","The Circadian Glow Lamp is the best light therapy lamp for morning energy. Reset your rhythm, boost energy, and feel better—naturally.","morning energy","morning grogginess","Bryan Johnson","the biohacker known for his $10,000 morning routine",2025
"The $10,000 Morning Routine: Bryan Johnson’s Sleep and Light Hacks","Discover how the Circadian Glow Lamp enhances morning energy, inspired by Bryan Johnson’s biohacking routine. Feel refreshed naturally.","morning energy","feeling sluggish in the morning","Bryan Johnson","the longevity expert pushing the boundaries of health",2025
"How Biohackers Use Light Therapy for Better Sleep","The Circadian Glow Lamp is ideal for better sleep. Mimic natural light to regulate your circadian rhythm and rest better.","better sleep","poor sleep quality","Biohackers","wellness innovators optimizing daily performance",2025
"Bryan Johnson’s Secret to Morning Productivity with Light Therapy","Boost productivity with the Circadian Glow Lamp, as used by Bryan Johnson to conquer morning fatigue. Start your day right.","morning productivity","morning fatigue","Bryan Johnson","the tech entrepreneur revolutionizing wellness",2025
"Why Wellness Experts Love Light Therapy for Mood Enhancement","The Circadian Glow Lamp uplifts your mood naturally. Perfect for mood enhancement, inspired by wellness experts.","mood enhancement","low mood or seasonal blues","Wellness Experts","leaders in holistic health practices",2025
"Bryan Johnson’s Light Therapy Hack for Energy and Focus","Elevate your energy with the Circadian Glow Lamp, a key part of Bryan Johnson’s routine for razor-sharp focus.","energy and focus","lack of focus in the morning","Bryan Johnson","the biohacker obsessed with peak performance",2025
"How Light Therapy Transforms Mornings for Biohacking Enthusiasts","The Circadian Glow Lamp is a biohacker’s dream for morning alertness. Reset your rhythm and thrive.","morning alertness","morning brain fog","Biohacking Enthusiasts","pioneers in personal optimization",2025
"Bryan Johnson’s Morning Ritual: The Power of Light Therapy","The Circadian Glow Lamp powers Bryan Johnson’s morning ritual. Overcome grogginess and boost energy naturally.","morning ritual","morning grogginess","Bryan Johnson","the visionary behind extreme health protocols",2025
"Why Light Therapy is Key to a Productive Day for Wellness Gurus","Start your day like a wellness guru with the Circadian Glow Lamp. Perfect for productivity and natural energy.","daily productivity","low energy levels","Wellness Gurus","experts in mindful living and health",2025
"How Bryan Johnson Optimizes Sleep with a Light Therapy Lamp","The Circadian Glow Lamp, used by Bryan Johnson, helps optimize sleep. Reset your rhythm for better rest.","better sleep","irregular sleep patterns","Bryan Johnson","the health pioneer with a science-backed routine",2025